Id,Name,Interface,Speed,Price,Recommended,Link
1,KINGSTON A400 SA400S37/240G 240ГБ,SATA III,500,2890,0,https://www.citilink.ru/product/ssd-nakopitel-kingston-a400-sa400s37-240g-240gb-2-5-sata-iii-420251/
2,WD Green WDS240G2G0A 240ГБ,SATA III,545,3290,0,https://www.citilink.ru/product/ssd-nakopitel-wd-green-wds240g2g0a-240gb-2-5-sata-iii-1014931/
3,CRUCIAL BX500 CT240BX500SSD1 240ГБ,SATA III,540,,0,https://www.citilink.ru/product/ssd-nakopitel-crucial-bx500-ct240bx500ssd1-240gb-2-5-sata-iii-1084929/
4,SAMSUNG 870 EVO MZ-77E500BW 500ГБ,SATA III,560,5990,0,https://www.citilink.ru/product/ssd-nakopitel-samsung-870-evo-mz-77e500bw-500gb-2-5-sata-iii-1469104/
5,A-DATA Ultimate SU650 ASU650SS-120GT-R 120ГБ,SATA III,520,1990,0,https://www.citilink.ru/product/ssd-nakopitel-a-data-ultimate-su650-asu650ss-120gt-r-120gb-2-5-sata-ii-1087966/
6,SAMSUNG 970 EVO Plus MZ-V7S250BW 250ГБ,PCI-E x4,3500,5090,0,https://www.citilink.ru/product/ssd-nakopitel-samsung-970-evo-plus-mz-v7s250bw-250gb-m-2-2280-pci-e-x4-1128416/
7,A-DATA Ultimate SU650 ASU650SS-240GT-R 240ГБ,SATA III,520,,0,https://www.citilink.ru/product/ssd-nakopitel-a-data-ultimate-su650-asu650ss-240gt-r-240gb-2-5-sata-ii-1091578/
8,WD Blue WDS250G2B0A 250ГБ,SATA III,550,,0,https://www.citilink.ru/product/ssd-nakopitel-wd-blue-wds250g2b0a-250gb-2-5-sata-iii-1015926/
9,CRUCIAL BX500 CT120BX500SSD1 120ГБ,SATA III,540,1990,0,https://www.citilink.ru/product/ssd-nakopitel-crucial-bx500-ct120bx500ssd1-120gb-2-5-sata-iii-1084927/
10,KINGSTON A400 SA400S37/120G 120ГБ,SATA III,500,2290,0,https://www.citilink.ru/product/ssd-nakopitel-kingston-a400-sa400s37-120g-120gb-2-5-sata-iii-420250/
11,WD Blue WDS500G2B0A 500ГБ,SATA III,560,,0,https://www.citilink.ru/product/ssd-nakopitel-wd-blue-wds500g2b0a-500gb-2-5-sata-iii-1015927/
12,KINGSTON A400 SA400S37/480G 480ГБ,SATA III,500,4790,0,https://www.citilink.ru/product/ssd-nakopitel-kingston-a400-sa400s37-480g-480gb-2-5-sata-iii-420253/
13,WD Green WDS120G2G0A 120ГБ,SATA III,545,2290,0,https://www.citilink.ru/product/ssd-nakopitel-wd-green-wds120g2g0a-120gb-2-5-sata-iii-1014949/
14,AMD Radeon R5 R5SL120G 120ГБ,SATA III,544,1890,0,https://www.citilink.ru/product/ssd-nakopitel-amd-radeon-r5-r5sl120g-120gb-2-5-sata-iii-1000108/
15,SILICON POWER Ace A55 SP128GBSS3A55S25 128ГБ,SATA III,550,1990,0,https://www.citilink.ru/product/ssd-nakopitel-silicon-power-ace-a55-sp128gbss3a55s25-128gb-2-5-sata-ii-1035507/
16,A-DATA Ultimate SU630 ASU630SS-240GQ-R 240ГБ,SATA III,520,2690,0,https://www.citilink.ru/product/ssd-nakopitel-a-data-ultimate-su630-asu630ss-240gq-r-240gb-2-5-sata-ii-1147699/
17,PATRIOT Burst PBU120GS25SSDR 120ГБ,SATA III,560,1990,0,https://www.citilink.ru/product/ssd-nakopitel-patriot-burst-pbu120gs25ssdr-120gb-2-5-sata-iii-1054535/
18,SAMSUNG 870 QVO MZ-77Q1T0BW 1ТБ,SATA III,560,9390,0,https://www.citilink.ru/product/nakopitel-ssd-samsung-sata-iii-1tb-mz-77q1t0bw-860-qvo-2-5-1399299/
19,WD Green WDS240G2G0B 240ГБ,SATA III,540,,0,https://www.citilink.ru/product/ssd-nakopitel-wd-green-wds240g2g0b-240gb-m-2-2280-sata-iii-1029726/
20,CRUCIAL BX500 CT480BX500SSD1 480ГБ,SATA III,540,4490,0,https://www.citilink.ru/product/ssd-nakopitel-crucial-bx500-ct480bx500ssd1-480gb-2-5-sata-iii-1084930/
21,A-DATA XPG SX6000 Lite ASX6000LNP-128GT-C 128ГБ,PCI-E x4,1800,2190,0,https://www.citilink.ru/product/ssd-nakopitel-a-data-xpg-sx6000-lite-asx6000lnp-128gt-c-128gb-m-2-2280-1158093/
22,WD Green WDS480G2G0A 480ГБ,SATA III,545,4590,0,https://www.citilink.ru/product/ssd-nakopitel-wd-green-wds480g2g0a-480gb-2-5-sata-iii-1105702/
23,SAMSUNG 870 EVO MZ-77E250BW 250ГБ,SATA III,560,4490,0,https://www.citilink.ru/product/ssd-nakopitel-samsung-870-evo-mz-77e250bw-250gb-2-5-sata-iii-1469100/
24,AMD Radeon R5M120G8 120ГБ,SATA III,530,1890,0,https://www.citilink.ru/product/ssd-nakopitel-amd-radeon-r5m120g8-120gb-m-2-2280-sata-iii-1180814/
25,A-DATA Ultimate SU655 ASU655SS-240GT-C 240ГБ,SATA III,520,2990,0,https://www.citilink.ru/product/ssd-nakopitel-a-data-ultimate-su655-asu655ss-240gt-c-240gb-2-5-sata-ii-1054335/
26,PATRIOT P210 P210S256G25 256ГБ,SATA III,500,2990,0,https://www.citilink.ru/product/ssd-nakopitel-patriot-p210-p210s256g25-256gb-2-5-sata-iii-1393757/
27,A-DATA SU800 ASU800SS-256GT-C 256ГБ,SATA III,560,3390,0,https://www.citilink.ru/product/ssd-nakopitel-a-data-su800-asu800ss-256gt-c-256gb-2-5-sata-iii-404455/
28,KINGSTON A400 SA400M8/240G 240ГБ,SATA III,500,,0,https://www.citilink.ru/product/ssd-nakopitel-kingston-a400-sa400m8-240g-240gb-m-2-2280-sata-iii-1130847/
29,PATRIOT Burst PBU240GS25SSDR 240ГБ,SATA III,555,2990,0,https://www.citilink.ru/product/ssd-nakopitel-patriot-burst-pbu240gs25ssdr-240gb-2-5-sata-iii-1054538/
30,WD Blue WDS500G2B0B 500ГБ,SATA III,560,5190,0,https://www.citilink.ru/product/ssd-nakopitel-wd-blue-wds500g2b0b-500gb-m-2-2280-sata-iii-1015925/
31,PATRIOT Burst Elite PBE120GS25SSDR 120ГБ,SATA III,450,1890,0,https://www.citilink.ru/product/ssd-nakopitel-patriot-burst-elite-pbe120gs25ssdr-120gb-2-5-sata-iii-1466270/
32,WD Blue SN550 WDS500G2B0C 500ГБ,PCI-E x4,2400,7490,0,https://www.citilink.ru/product/ssd-nakopitel-wd-blue-sn550-wds500g2b0c-500gb-m-2-2280-pci-e-x4-nvme-1182345/
33,PATRIOT P210 P210S128G25 128ГБ,SATA III,450,1990,0,https://www.citilink.ru/product/ssd-nakopitel-patriot-p210-p210s128g25-128gb-2-5-sata-iii-1393755/
34,WD Green WDS120G2G0B 120ГБ,SATA III,540,,0,https://www.citilink.ru/product/ssd-nakopitel-wd-green-wds120g2g0b-120gb-m-2-2280-sata-iii-1029723/
35,KINGSTON A2000 SA2000M8/250G 250ГБ,PCI-E x4,2000,3690,0,https://www.citilink.ru/product/nakopitel-ssd-kingston-nvme-250gb-sa2000m8-250g-a2000-m-2-2280-1387306/
36,WD Black WDS500G3X0C 500ГБ,PCI-E x4,3430,9290,0,https://www.citilink.ru/product/ssd-nakopitel-wd-black-wds500g3x0c-500gb-m-2-2280-pci-e-x4-nvme-1134600/
37,WD Blue WDS250G2B0B 250ГБ,SATA III,550,3590,0,https://www.citilink.ru/product/ssd-nakopitel-wd-blue-wds250g2b0b-250gb-m-2-2280-sata-iii-1015924/
38,WD Blue WDS100T2B0A 1ТБ,SATA III,560,9990,0,https://www.citilink.ru/product/ssd-nakopitel-wd-blue-wds100t2b0a-1tb-2-5-sata-iii-1015913/
39,KINGSTON A2000 SA2000M8/500G 500ГБ,PCI-E x4,2200,6990,0,https://www.citilink.ru/product/nakopitel-ssd-kingston-nvme-500gb-sa2000m8-500g-a2000-m-2-2280-1387309/
40,A-DATA XPG SX6000 Lite ASX6000LNP-256GT-C 256ГБ,PCI-E x4,1800,3290,0,https://www.citilink.ru/product/ssd-nakopitel-a-data-xpg-sx6000-lite-asx6000lnp-256gt-c-256gb-m-2-2280-1146560/
41,A-DATA XPG SX8200 Pro ASX8200PNP-512GT-C 512ГБ,PCI-E x4,3500,7490,0,https://www.citilink.ru/product/ssd-nakopitel-a-data-xpg-sx8200-pro-asx8200pnp-512gt-c-512gb-m-2-2280-1106904/
42,KINGSTON A400-R KC-S44256-6F 256ГБ,SATA III,500,,0,https://www.citilink.ru/product/ssd-nakopitel-kingston-a400-r-kc-s44256-6f-256gb-2-5-sata-iii-1113172/
43,A-DATA Ultimate SU655 ASU655SS-120GT-C 120ГБ,SATA III,520,1990,0,https://www.citilink.ru/product/ssd-nakopitel-a-data-ultimate-su655-asu655ss-120gt-c-120gb-2-5-sata-ii-1054331/
44,SAMSUNG 870 EVO MZ-77E1T0BW 1ТБ,SATA III,560,11 490,0,https://www.citilink.ru/product/ssd-nakopitel-samsung-870-evo-mz-77e1t0bw-1tb-2-5-sata-iii-1469106/
45,TRANSCEND TS120GSSD220S 120ГБ,SATA III,550,1990,0,https://www.citilink.ru/product/ssd-nakopitel-transcend-ts120gssd220s-120gb-2-5-sata-iii-379625/
46,SAMSUNG 860 EVO MZ-N6E250BW 250ГБ,SATA III,550,4290,0,https://www.citilink.ru/product/ssd-nakopitel-samsung-860-evo-mz-n6e250bw-250gb-m-2-2280-sata-iii-1035093/
47,A-DATA Ultimate SU650 ASU650SS-480GT-R 480ГБ,SATA III,520,4550,0,https://www.citilink.ru/product/ssd-nakopitel-a-data-ultimate-su650-asu650ss-480gt-r-480gb-2-5-sata-ii-1103704/
48,KINGSTON A400-R KC-S44128-6F 128ГБ,SATA III,500,2190,0,https://www.citilink.ru/product/ssd-nakopitel-kingston-a400-r-kc-s44128-6f-128gb-2-5-sata-iii-1113171/
49,A-DATA Swordfish ASWORDFISH-250G-C 250ГБ,PCI-E x4,1800,3290,0,https://www.citilink.ru/product/nakopitel-ssd-a-data-pci-e-x4-250gb-aswordfish-250g-c-wordfish-m-2-228-1390291/
50,SAMSUNG 860 EVO MZ-N6E500BW 500ГБ,SATA III,550,6390,0,https://www.citilink.ru/product/ssd-nakopitel-samsung-860-evo-mz-n6e500bw-500gb-m-2-2280-sata-iii-1035094/
51,WD Black WDS250G3X0C 250ГБ,PCI-E x4,3100,4890,0,https://www.citilink.ru/product/ssd-nakopitel-wd-black-wds250g3x0c-250gb-m-2-2280-pci-e-x4-nvme-1134597/
52,TRANSCEND TS256GSSD230S 256ГБ,SATA III,560,,0,https://www.citilink.ru/product/ssd-nakopitel-transcend-ts256gssd230s-256gb-2-5-sata-iii-431115/
53,A-DATA XPG SX6000 Pro ASX6000PNP-256GT-C 256ГБ,PCI-E x4,2100,,0,https://www.citilink.ru/product/ssd-nakopitel-a-data-xpg-sx6000-pro-asx6000pnp-256gt-c-256gb-m-2-2280-1096669/
54,KINGSTON KC600 SKC600/256G 256ГБ,SATA III,550,3890,0,https://www.citilink.ru/product/nakopitel-ssd-kingston-sata-iii-256gb-skc600-256g-kc600-2-5-1387327/
55,A-DATA XPG SX6000 Pro ASX6000PNP-512GT-C 512ГБ,PCI-E x4,2100,7290,0,https://www.citilink.ru/product/ssd-nakopitel-a-data-xpg-sx6000-pro-asx6000pnp-512gt-c-512gb-m-2-2280-1106906/
56,A-DATA Ultimate SU630 ASU630SS-480GQ-R 480ГБ,SATA III,520,4290,0,https://www.citilink.ru/product/ssd-nakopitel-a-data-ultimate-su630-asu630ss-480gq-r-480gb-2-5-sata-ii-1155911/
57,AMD Radeon R5M240G8 240ГБ,SATA III,560,2990,0,https://www.citilink.ru/product/ssd-nakopitel-amd-radeon-r5m240g8-240gb-m-2-2280-sata-iii-1180844/
58,AMD Radeon R5 R5SL480G 480ГБ,SATA III,560,5190,0,https://www.citilink.ru/product/ssd-nakopitel-amd-radeon-r5-r5sl480g-480gb-2-5-sata-iii-1060573/
59,A-DATA GAMMIX S5 AGAMMIXS5-512GT-C 512ГБ,PCI-E x4,2100,7290,0,https://www.citilink.ru/product/ssd-nakopitel-a-data-gammix-s5-agammixs5-512gt-c-512gb-m-2-2280-pci-e-1121166/
60,AMD Radeon R5MP240G8 240ГБ,PCI-E,2100,3490,0,https://www.citilink.ru/product/ssd-nakopitel-amd-radeon-r5mp240g8-240gb-m-2-2280-pci-e-1180853/
61,A-DATA XPG SX8200 Pro ASX8200PNP-256GT-C 256ГБ,PCI-E x4,3500,3890,0,https://www.citilink.ru/product/ssd-nakopitel-a-data-xpg-sx8200-pro-asx8200pnp-256gt-c-256gb-m-2-2280-1106900/
62,A-DATA S11 Pro AGAMMIXS11P-512GT-C 512ГБ,PCI-E x4,3500,7990,0,https://www.citilink.ru/product/ssd-nakopitel-a-data-s11-pro-agammixs11p-512gt-c-512gb-m-2-2280-pci-e-1121172/
63,TRANSCEND TS240GSSD220S 240ГБ,SATA III,550,,0,https://www.citilink.ru/product/ssd-nakopitel-transcend-ts240gssd220s-240gb-2-5-sata-iii-379636/
64,PATRIOT P300 P300P256GM28 256ГБ,PCI-E x4,1700,3090,0,https://www.citilink.ru/product/ssd-nakopitel-patriot-p300-p300p256gm28-256gb-m-2-2280-pci-e-x4-nvme-1215617/
65,A-DATA SU800 ASU800SS-512GT-C 512ГБ,SATA III,560,5690,0,https://www.citilink.ru/product/ssd-nakopitel-a-data-su800-asu800ss-512gt-c-512gb-2-5-sata-iii-412055/
66,WD Blue SN550 WDS250G2B0C 250ГБ,PCI-E x4,2400,3690,0,https://www.citilink.ru/product/ssd-nakopitel-wd-blue-sn550-wds250g2b0c-250gb-m-2-2280-pci-e-x4-nvme-1182344/
67,PATRIOT Burst Elite PBE240GS25SSDR 240ГБ,SATA III,450,2890,0,https://www.citilink.ru/product/ssd-nakopitel-patriot-burst-elite-pbe240gs25ssdr-240gb-2-5-sata-iii-1471159/
68,KINGSTON A400 SA400M8/120G 120ГБ,SATA III,500,,0,https://www.citilink.ru/product/ssd-nakopitel-kingston-a400-sa400m8-120g-120gb-m-2-2280-sata-iii-1130845/
69,A-DATA S11 Pro AGAMMIXS11P-256GT-C 256ГБ,PCI-E x4,3500,3990,0,https://www.citilink.ru/product/ssd-nakopitel-a-data-s11-pro-agammixs11p-256gt-c-256gb-m-2-2280-pci-e-1126975/
70,A-DATA GAMMIX S5 AGAMMIXS5-256GT-C 256ГБ,PCI-E x4,2100,3790,0,https://www.citilink.ru/product/ssd-nakopitel-a-data-gammix-s5-agammixs5-256gt-c-256gb-m-2-2280-pci-e-1121163/
71,SAMSUNG 860 Pro MZ-76P256BW 256ГБ,SATA III,560,6990,0,https://www.citilink.ru/product/ssd-nakopitel-samsung-860-pro-mz-76p256bw-256gb-2-5-sata-iii-1035020/
72,AMD Radeon R5MP120G8 120ГБ,PCI-E x4,1800,2290,0,https://www.citilink.ru/product/ssd-nakopitel-amd-radeon-r5mp120g8-120gb-m-2-2280-pci-e-1180850/
73,CRUCIAL MX500 CT250MX500SSD1 250ГБ,SATA III,560,3690,0,https://www.citilink.ru/product/ssd-nakopitel-crucial-mx500-ct250mx500ssd1n-250gb-2-5-sata-iii-1076524/
74,SAMSUNG 970 PRO MZ-V7P512BW 512ГБ,PCI-E x4,3500,13 990,0,https://www.citilink.ru/product/ssd-nakopitel-samsung-970-pro-mz-v7p512bw-512gb-m-2-2280-pci-e-x4-nvme-1072315/
75,KINGSTON KC600 SKC600/512G 512ГБ,SATA III,550,6690,0,https://www.citilink.ru/product/nakopitel-ssd-kingston-sata-iii-512gb-skc600-512g-kc600-2-5-1387330/
76,PATRIOT P210 P210S512G25 512ГБ,SATA III,520,5190,0,https://www.citilink.ru/product/ssd-nakopitel-patriot-p210-p210s512g25-512gb-2-5-sata-iii-1393759/
77,TRANSCEND TS128GSSD230S 128ГБ,SATA III,560,,0,https://www.citilink.ru/product/ssd-nakopitel-transcend-ts128gssd230s-128gb-2-5-sata-iii-412039/
78,TRANSCEND TS256GMTE110S 256ГБ,PCI-E x4,1600,3250,0,https://www.citilink.ru/product/ssd-nakopitel-transcend-ts256gmte110s-256gb-m-2-2280-pci-e-x4-nvme-1160582/
79,TRANSCEND TS240GMTS820S 240ГБ,SATA III,500,,0,https://www.citilink.ru/product/ssd-nakopitel-transcend-ts240gmts820s-240gb-m-2-2280-sata-iii-1067676/
80,KINGSTON A400 SA400M8/480G 480ГБ,SATA III,500,4890,0,https://www.citilink.ru/product/nakopitel-ssd-kingston-sata-iii-480gb-sa400m8-480g-a400-m-2-2280-1387297/
81,WD Green WDS480G2G0B 480ГБ,SATA III,545,4590,0,https://www.citilink.ru/product/ssd-nakopitel-wd-green-wds480g2g0b-480gb-m-2-2280-sata-iii-1105703/
82,WD Blue WDS500G2B0A 500ГБ,SATA III,560,5190,0,https://www.citilink.ru/product/ssd-nakopitel-wd-blue-wds500g2b0a-500gb-2-5-sata-iii-1091767/
83,WD Blue WDS100T2B0B 1ТБ,SATA III,560,9990,0,https://www.citilink.ru/product/ssd-nakopitel-wd-blue-wds100t2b0b-1tb-m-2-2280-sata-iii-1015921/
84,A-DATA XPG SX6000 Lite ASX6000LNP-512GT-C 512ГБ,PCI-E x4,1800,7290,0,https://www.citilink.ru/product/ssd-nakopitel-a-data-xpg-sx6000-lite-asx6000lnp-512gt-c-512gb-m-2-2280-1158094/
85,SAMSUNG 860 Pro MZ-76P512BW 512ГБ,SATA III,560,11 990,0,https://www.citilink.ru/product/ssd-nakopitel-samsung-860-pro-mz-76p512bw-512gb-2-5-sata-iii-1035043/
86,SAMSUNG 980 PRO MZ-V8P250BW 250ГБ,PCI-E x4,6400,8990,0,https://www.citilink.ru/product/ssd-nakopitel-samsung-980-pro-mz-v8p250bw-250gb-m-2-2280-pci-e-x4-1428244/
87,SAMSUNG 860 EVO MZ-N6E1T0BW 1ТБ,SATA III,550,12 990,0,https://www.citilink.ru/product/ssd-nakopitel-samsung-860-evo-mz-n6e1t0bw-1tb-m-2-2280-sata-iii-1035091/
88,WD Red SA500 WDS500G1R0A 500ГБ,SATA III,560,6490,0,https://www.citilink.ru/product/ssd-nakopitel-wd-red-sa500-wds500g1r0a-500gb-2-5-sata-iii-1182346/
89,TRANSCEND TS240GMTS420S 240ГБ,SATA III,560,3190,0,https://www.citilink.ru/product/ssd-nakopitel-transcend-ts240gmts420s-240gb-m-2-2242-sata-iii-1067680/
90,SANDISK SSD PLUS SDSSDA-120G-G27 120ГБ,SATA III,530,2090,0,https://www.citilink.ru/product/ssd-nakopitel-sandisk-ssd-plus-sdssda-120g-g27-120gb-2-5-sata-iii-1033252/
91,A-DATA Falcon AFALCON-256G-C 256ГБ,PCI-E x4,3000,3590,0,https://www.citilink.ru/product/nakopitel-ssd-a-data-pci-e-x4-256gb-afalcon-256g-c-falcon-m-2-2280-1390318/
92,AMD Radeon R5M480G8 480ГБ,SATA III,530,5190,0,https://www.citilink.ru/product/nakopitel-ssd-amd-sata-iii-480gb-r5m480g8-radeon-m-2-2280-1393035/
93,PATRIOT P300 P300P128GM28 128ГБ,PCI-E x4,1600,2190,0,https://www.citilink.ru/product/ssd-nakopitel-patriot-p300-p300p128gm28-128gb-m-2-2280-pci-e-x4-nvme-1383090/
94,A-DATA Ultimate SU800 ASU800NS38-256GT-C 256ГБ,SATA III,560,3490,0,https://www.citilink.ru/product/ssd-nakopitel-a-data-ultimate-su800-asu800ns38-256gt-c-256gb-m-2-2280-1195951/
95,PATRIOT P300 P300P512GM28 512ГБ,PCI-E x4,1700,5190,0,https://www.citilink.ru/product/ssd-nakopitel-patriot-p300-p300p512gm28-512gb-m-2-2280-pci-e-x4-nvme-1215621/
96,CRUCIAL P2 CT250P2SSD8 250ГБ,PCI-E x4,2100,3490,0,https://www.citilink.ru/product/nakopitel-ssd-crucial-pci-e-x4-250gb-ct250p2ssd8-p2-m-2-2280-1391018/
97,TRANSCEND TS512GMTE110S 512ГБ,PCI-E x4,1700,5590,0,https://www.citilink.ru/product/ssd-nakopitel-transcend-ts512gmte110s-512gb-m-2-2280-pci-e-x4-nvme-1160583/
98,KINGSTON A400 SA400S37/960G 960ГБ,SATA III,500,8990,0,https://www.citilink.ru/product/ssd-nakopitel-kingston-a400-sa400s37-960g-960gb-2-5-sata-iii-1210536/
99,TRANSCEND TS512GSSD230S 512ГБ,SATA III,560,6290,0,https://www.citilink.ru/product/ssd-nakopitel-transcend-ts512gssd230s-512gb-2-5-sata-iii-431116/
100,SEAGATE BarraCuda Q5 ZP500CV3A001 500ГБ,PCI-E x4,2300,5290,0,https://www.citilink.ru/product/ssd-nakopitel-seagate-barracuda-q5-zp500cv3a001-500gb-m-2-2280-pci-e-x-1468967/
101,SAMSUNG 870 QVO MZ-77Q2T0BW 2ТБ,SATA III,560,20 990,0,https://www.citilink.ru/product/ssd-nakopitel-samsung-870-qvo-mz-77q2t0bw-2tb-2-5-sata-iii-1425477/
102,PATRIOT Viper VPN100 VPN100-256GM28H 256ГБ,PCI-E x4,3000,4390,0,https://www.citilink.ru/product/ssd-nakopitel-patriot-viper-vpn100-vpn100-256gm28h-256gb-m-2-2280-pci-1144991/
103,A-DATA Swordfish ASWORDFISH-500G-C 500ГБ,PCI-E x4,1800,7290,0,https://www.citilink.ru/product/nakopitel-ssd-a-data-pci-e-x4-500gb-aswordfish-500g-c-wordfish-m-2-228-1390297/
104,WD Black WDS500G3XHC 500ГБ,PCI-E x4,3470,8990,0,https://www.citilink.ru/product/ssd-nakopitel-wd-black-wds500g3xhc-500gb-m-2-2280-pci-e-x4-nvme-1134604/
105,SEAGATE BarraCuda Q1 ZA480CV1A001 480ГБ,SATA III,550,4790,0,https://www.citilink.ru/product/ssd-nakopitel-seagate-barracuda-q1-za480cv1a001-480gb-2-5-sata-iii-1468964/
106,KINGSTON KC600 SKC600/1024G 1ТБ,SATA III,550,11 990,0,https://www.citilink.ru/product/nakopitel-ssd-kingston-sata-iii-1tb-skc600-1024g-kc600-2-5-1387334/
107,SAMSUNG 870 EVO MZ-77E2T0BW 2ТБ,SATA III,560,29 990,0,https://www.citilink.ru/product/ssd-nakopitel-samsung-870-evo-mz-77e2t0bw-2tb-2-5-sata-iii-1475910/
108,TRANSCEND TS480GSSD220S 480ГБ,SATA III,550,5190,0,https://www.citilink.ru/product/ssd-nakopitel-transcend-ts480gssd220s-480gb-2-5-sata-iii-480302/
109,INTEL DC D3-S4610 SSDSC2KG480G801 480ГБ,SATA III,560,13 990,0,https://www.citilink.ru/product/ssd-nakopitel-intel-dc-d3-s4610-ssdsc2kg480g801-480gb-2-5-sata-iii-ssd-1078058/
110,INTEL 660P SSDPEKNW512G8X1 512ГБ,PCI-E x4,1500,6290,0,https://www.citilink.ru/product/ssd-nakopitel-intel-660p-ssdpeknw512g8x1-512gb-m-2-2280-pci-e-x4-nvme-1122214/
111,SAMSUNG 860 Pro MZ-76P1T0BW 1ТБ,SATA III,560,22 990,0,https://www.citilink.ru/product/ssd-nakopitel-samsung-860-pro-mz-76p1t0bw-1tb-2-5-sata-iii-1035010/
112,SAMSUNG 870 QVO MZ-77Q4T0BW 4ТБ,SATA III,560,43 990,0,https://www.citilink.ru/product/ssd-nakopitel-samsung-860-qvo-mz-77q4t0bw-4tb-2-5-sata-iii-1418145/
113,INTEL DC D3-S4510 SSDSC2KB480G801 480ГБ,SATA III,560,11 590,0,https://www.citilink.ru/product/ssd-nakopitel-intel-dc-d3-s4510-ssdsc2kb480g801-480gb-2-5-sata-iii-ssd-1078132/
114,INTEL DC D3-S4610 SSDSC2KG960G801 960ГБ,SATA III,560,26 990,0,https://www.citilink.ru/product/ssd-nakopitel-intel-dc-d3-s4610-ssdsc2kg960g801-960gb-2-5-sata-iii-ssd-1078057/
115,INTEL DC D3-S4610 SSDSC2KG240G801 240ГБ,SATA III,560,9990,0,https://www.citilink.ru/product/ssd-nakopitel-intel-dc-d3-s4610-ssdsc2kg240g801-240gb-2-5-sata-iii-ssd-1078060/
116,AMD Radeon R5 R5SL960G 960ГБ,SATA III,530,8990,0,https://www.citilink.ru/product/ssd-nakopitel-amd-radeon-r5-r5sl960g-960gb-2-5-sata-iii-1180803/
117,INTEL DC D3-S4510 SSDSC2KB019T801 1.9ТБ,SATA III,560,35 990,0,https://www.citilink.ru/product/ssd-nakopitel-intel-dc-d3-s4510-ssdsc2kb019t801-1-9tb-2-5-sata-iii-ssd-1078144/
118,PATRIOT Burst Elite PBE480GS25SSDR 480ГБ,SATA III,450,4990,0,https://www.citilink.ru/product/ssd-nakopitel-patriot-burst-elite-pbe480gs25ssdr-480gb-2-5-sata-iii-1471161/
119,A-DATA Ultimate SU650 ASU650SS-960GT-R 960ГБ,SATA III,520,8990,0,https://www.citilink.ru/product/ssd-nakopitel-a-data-ultimate-su650-asu650ss-960gt-r-960gb-2-5-sata-ii-1111083/
120,INTEL DC D3-S4510 SSDSC2KB960G801 960ГБ,SATA III,560,18 590,0,https://www.citilink.ru/product/ssd-nakopitel-intel-dc-d3-s4510-ssdsc2kb960g801-960gb-2-5-sata-iii-ssd-1078134/
121,INTEL 660P SSDPEKNW512G8X1 512ГБ,PCI-E x4,1500,6290,0,https://www.citilink.ru/product/ssd-nakopitel-intel-660p-ssdpeknw512g8x1-512gb-m-2-2280-pci-e-x4-nvme-1179579/
122,INTEL DC D3-S4510 SSDSC2KB240G801 240ГБ,SATA III,560,8590,0,https://www.citilink.ru/product/ssd-nakopitel-intel-dc-d3-s4510-ssdsc2kb240g801-240gb-2-5-sata-iii-ssd-1078070/
123,SEAGATE BarraCuda Q1 ZA960CV1A001 960ГБ,SATA III,550,7990,0,https://www.citilink.ru/product/ssd-nakopitel-seagate-barracuda-q1-za960cv1a001-960gb-2-5-sata-iii-1468965/
124,INTEL 545s Series SSDSCKKW256G8 256ГБ,SATA III,550,3790,0,https://www.citilink.ru/product/ssd-nakopitel-intel-545s-series-ssdsckkw256g8-256gb-m-2-2280-sata-iii-1072667/
125,INTEL DC D3-S4510 SSDSC2KB960G8 960ГБ,SATA III,560,18 590,0,https://www.citilink.ru/product/ssd-nakopitel-intel-dc-d3-s4510-ssdsc2kb960g8-960gb-2-5-sata-iii-1187627/
126,INTEL DC P4510 SSDPE2KX020T801 2ТБ,PCI-E x4,U.2,45 490,0,https://www.citilink.ru/product/ssd-nakopitel-intel-dc-p4510-ssdpe2kx020t801-2tb-2-5-pci-e-x4-nvme-u-2-1065568/
127,INTEL DC P4610 SSDPE2KE016T801 1.6ТБ,PCI-E x4,U.2,55 990,0,https://www.citilink.ru/product/ssd-nakopitel-intel-dc-p4610-ssdpe2ke016t801-1-6tb-2-5-pci-e-x4-nvme-u-1085091/
128,PATRIOT Viper VPR100 VPR100-256GM28H 256ГБ,PCI-E x4,3300,5690,0,https://www.citilink.ru/product/nakopitel-ssd-patriot-pci-e-x4-256gb-vpr100-256gm28h-viper-vpr100-m-2-1390090/
129,INTEL 545s Series SSDSCKKW128G8 128ГБ,SATA III,550,2790,0,https://www.citilink.ru/product/ssd-nakopitel-intel-545s-series-ssdsckkw128g8-128gb-m-2-2280-sata-iii-1104942/
130,INTEL DC P4510 SSDPE2KX040T801 4ТБ,PCI-E x4,U.2,78 990,0,https://www.citilink.ru/product/ssd-nakopitel-intel-dc-p4510-ssdpe2kx040t801-4tb-2-5-pci-e-x4-nvme-u-2-1148611/
131,INTEL DC P4101 SSDPEKKA512G801 512ГБ,PCI-E x4,2550,9990,0,https://www.citilink.ru/product/ssd-nakopitel-intel-dc-p4101-ssdpekka512g801-512gb-m-2-2280-pci-e-x4-n-1096186/
132,SEAGATE BarraCuda 120 ZA2000CM1A003 2ТБ,SATA III,560,22 990,0,https://www.citilink.ru/product/nakopitel-ssd-seagate-original-sata-iii-2tb-za2000cm1a003-barracuda-12-1389107/
133,INTEL DC D3-S4610 SSDSC2KG019T801 1.9ТБ,SATA III,560,44 990,0,https://www.citilink.ru/product/ssd-nakopitel-intel-dc-d3-s4610-ssdsc2kg019t801-1-9tb-2-5-sata-iii-ssd-1078055/
134,PLEXTOR LiteOn MU 3 PH6-CE960 960ГБ,SATA III,560,9990,0,https://www.citilink.ru/product/ssd-nakopitel-plextor-liteon-mu-3-ph6-ce960-960gb-2-5-sata-iii-1089743/
135,WD Black SN850 WDS500G1X0E 500ГБ,PCI-E x4,7000,15 990,0,https://www.citilink.ru/product/ssd-nakopitel-wd-black-sn850-wds500g1x0e-500gb-m-2-2280-pci-e-x4-nvme-1455860/
136,INTEL DC S3110 SSDSCKKI256G801 256ГБ,SATA III,550,4790,0,https://www.citilink.ru/product/ssd-nakopitel-intel-dc-s3110-ssdsckki256g801-256gb-m-2-2280-sata-iii-s-1031474/
137,INTEL DC D3-S4510 SSDSCKKB480G801 480ГБ,SATA III,555,11 590,0,https://www.citilink.ru/product/ssd-nakopitel-intel-dc-d3-s4510-ssdsckkb480g801-480gb-m-2-2280-sata-ii-1425022/
138,A-DATA SU720 ASU720SS-2T-C 2ТБ,SATA III,520,18 990,0,https://www.citilink.ru/product/ssd-nakopitel-a-data-su720-asu720ss-2t-c-2tb-2-5-sata-iii-1396896/
139,INTEL DC D3-S4510 SSDSC2KB240G801 240ГБ,SATA III,560,8590,0,https://www.citilink.ru/product/ssd-nakopitel-intel-dc-d3-s4510-ssdsc2kb240g801-240gb-2-5-sata-iii-1110548/
140,WD Red SA500 WDS400T1R0A 4ТБ,SATA III,560,52 990,0,https://www.citilink.ru/product/ssd-nakopitel-wd-red-sa500-wds400t1r0a-4tb-2-5-sata-iii-1182359/
141,INTEL DC D3-S4510 SSDSC2KB038T801 3.8ТБ,SATA III,560,65 990,0,https://www.citilink.ru/product/ssd-nakopitel-intel-dc-d3-s4510-ssdsc2kb038t801-3-8tb-2-5-sata-iii-ssd-1080235/
142,INTEL DC D3-S4610 SSDSC2KG019T801 1.9ТБ,SATA III,560,44 990,0,https://www.citilink.ru/product/ssd-nakopitel-intel-dc-d3-s4610-ssdsc2kg019t801-1-9tb-2-5-sata-iii-1112688/
143,INTEL DC S3110 SSDSCKKI128G801 128ГБ,SATA III,550,3190,0,https://www.citilink.ru/product/ssd-nakopitel-intel-dc-s3110-ssdsckki128g801-128gb-m-2-2280-sata-iii-s-1031478/
144,INTEL 545s Series SSDSCKKW512G8X1 512ГБ,SATA III,550,7990,0,https://www.citilink.ru/product/ssd-nakopitel-intel-545s-series-ssdsckkw512g8x1-512gb-m-2-2280-sata-ii-1048384/
145,SAMSUNG 870 EVO MZ-77E4T0BW 4ТБ,SATA III,560,53 990,0,https://www.citilink.ru/product/ssd-nakopitel-samsung-870-evo-mz-77e4t0bw-4tb-2-5-sata-iii-1475914/
146,INTEL DC D3-S4510 SSDSCKKB240G801 240ГБ,SATA III,555,8590,0,https://www.citilink.ru/product/ssd-nakopitel-intel-dc-d3-s4510-ssdsckkb240g801-240gb-m-2-2280-sata-ii-1156829/
147,INTEL DC D3-S4510 SSDSC2KB038T801 3.8ТБ,SATA III,560,65 990,0,https://www.citilink.ru/product/ssd-nakopitel-intel-dc-d3-s4510-ssdsc2kb038t801-3-8tb-2-5-sata-iii-1179581/
148,INTEL DC S3110 SSDSCKKI512G801 512ГБ,SATA III,550,7990,0,https://www.citilink.ru/product/ssd-nakopitel-intel-dc-s3110-ssdsckki512g801-512gb-m-2-2280-sata-iii-s-1031384/
149,INTEL Optane MEMPEK1W016GAXT 16ГБ,PCI-E,900,2990,0,https://www.citilink.ru/product/ssd-nakopitel-intel-optane-mempek1w016gaxt-16gb-m-2-2280-pci-e-mempek1-480428/
150,INTEL DC D3-S4610 SSDSC2KG038T801 3.8ТБ,SATA III,560,97 990,0,https://www.citilink.ru/product/ssd-nakopitel-intel-dc-d3-s4610-ssdsc2kg038t801-3-8tb-2-5-sata-iii-ssd-1091721/
151,INTEL Optane DC P4800X SSDPE21K375GA01 375ГБ,PCI-E x4,U.2,87 990,0,https://www.citilink.ru/product/ssd-nakopitel-intel-optane-dc-p4800x-ssdpe21k375ga01-375gb-2-5-pci-e-x-1423917/
152,A-DATA Ultimate SU650 ASU650NS38-480GT-C 480ГБ,SATA III,550,4790,0,https://www.citilink.ru/product/nakopitel-ssd-a-data-m-2-480gb-asu650ns38-480gt-c-ultimate-su650-m-2-2-1409043/
153,INTEL DC D5-P4320 SSDPE2NV076T801 7.5ТБ,PCI-E x4,U.2,127 990,0,https://www.citilink.ru/product/ssd-nakopitel-intel-dc-d5-p4320-ssdpe2nv076t801-7-5tb-2-5-pci-e-x4-nvm-1175020/
154,PLEXTOR M8VC PX-256M8VC 256ГБ,SATA III,560,,0,https://www.citilink.ru/product/ssd-nakopitel-plextor-m8vc-px-256m8vc-256gb-2-5-sata-iii-1047894/
155,A-DATA Ultimate SU650 ASU650NS38-120GT-C 120ГБ,SATA III,550,1990,0,https://www.citilink.ru/product/nakopitel-ssd-a-data-m-2-120gb-asu650ns38-120gt-c-ultimate-su650-m-2-2-1409037/
156,INTEL Optane DC P5800X SSDPF21Q800GB01 800ГБ,PCI-E 4.0 x4,U.2,199 990,0,https://www.citilink.ru/product/ssd-nakopitel-intel-optane-dc-p5800x-ssdpf21q800gb01-400gb-2-5-pci-e-x-1476615/
157,SAMSUNG 860 Pro MZ-76P4T0BW 4ТБ,SATA III,560,79 990,0,https://www.citilink.ru/product/nakopitel-ssd-samsung-sata-iii-4tb-mz-76p4t0bw-860-pro-2-5-1511778/
158,SANDISK SSD PLUS SDSSDA-240G-G26 240ГБ,SATA III,530,2990,0,https://www.citilink.ru/product/ssd-nakopitel-sandisk-ssd-plus-sdssda-240g-g26-240gb-2-5-sata-iii-376417/
159,INTEL DC D3-S4510 SSDSC2KB076T801 7.5ТБ,SATA III,550,131 990,0,https://www.citilink.ru/product/ssd-nakopitel-intel-dc-d3-s4510-ssdsc2kb076t801-7-5tb-2-5-sata-iii-ssd-1448723/
160,A-DATA Ultimate SU800 ASU800NS38-512GT-C 512ГБ,SATA III,560,5590,0,https://www.citilink.ru/product/nakopitel-ssd-a-data-m-2-512gb-asu800ns38-512gt-c-ultimate-su800-m-2-2-1409053/
161,A-DATA XPG SX8100 ASX8100NP-512GT-C 512ГБ,PCI-E x4,3500,7190,0,https://www.citilink.ru/product/nakopitel-ssd-a-data-pci-e-x4-512gb-asx8100np-512gt-c-xpg-sx8100-m-2-2-1408639/
162,CRUCIAL P2 CT1000P2SSD8 1ТБ,PCI-E x4,2400,13 990,0,https://www.citilink.ru/product/nakopitel-ssd-crucial-pci-e-x4-1000gb-ct1000p2ssd8-p2-m-2-2280-1391022/
163,KINGSTON KC2500 SKC2500M8/500G 500ГБ,PCI-E x4,3500,7590,0,https://www.citilink.ru/product/nakopitel-ssd-kingston-nvme-500gb-skc2500m8-500g-kc2500-m-2-2280-1387320/
164,INTEL Optane Persistent Memory NMA1XXD128GPSU4 128ГБ,DDR-T,,39 990,0,https://www.citilink.ru/product/ssd-nakopitel-intel-optane-persistent-memory-nma1xxd128gpsu4-128gb-pmm-1195429/
165,PATRIOT P200 P200S256G25 256ГБ,SATA III,530,3420,0,https://www.citilink.ru/product/ssd-nakopitel-patriot-p200-p200s256g25-256gb-2-5-sata-iii-1190543/
166,WD Red SA500 WDS100T1R0A 1ТБ,SATA III,560,11 990,0,https://www.citilink.ru/product/ssd-nakopitel-wd-red-sa500-wds100t1r0a-1tb-2-5-sata-iii-1182356/
167,WD Green WDS100T2G0A 1ТБ,SATA III,545,8990,0,https://www.citilink.ru/product/ssd-nakopitel-wd-green-wds100t2g0a-1tb-2-5-sata-iii-1134592/
168,INTEL DC D3-S4610 SSDSC2KG240G801 240ГБ,SATA III,560,9990,0,https://www.citilink.ru/product/ssd-nakopitel-intel-dc-d3-s4610-ssdsc2kg240g801-240gb-2-5-sata-iii-1101718/
169,PLEXTOR M8VG PX-128M8VG 128ГБ,SATA III,560,2790,0,https://www.citilink.ru/product/ssd-nakopitel-plextor-m8vg-px-128m8vg-128gb-m-2-2280-sata-iii-1079386/
170,INTEL 760p Series SSDPEKKW512G801 512ГБ,PCI-E x4,3230,8990,0,https://www.citilink.ru/product/ssd-nakopitel-intel-760p-series-ssdpekkw512g801-512gb-m-2-2280-pci-e-x-1065565/
171,AMD Radeon R5 R5SL240G 240ГБ,SATA III,520,2990,0,https://www.citilink.ru/product/ssd-nakopitel-amd-radeon-r5-r5sl240g-240gb-2-5-sata-iii-1056977/
172,WD Blue WDS200T2B0A 2ТБ,SATA III,560,20 990,0,https://www.citilink.ru/product/ssd-nakopitel-wd-blue-wds200t2b0a-2tb-2-5-sata-iii-1015918/
173,INTEL DC P4510 SSDPE2KX010T801 1ТБ,PCI-E x4,U.2,28 990,0,https://www.citilink.ru/product/nakopitel-ssd-intel-pci-e-x4-1tb-ssdpe2kx010t801-dc-p4510-2-5-1361081/
174,PATRIOT Scorch PS256GPM280SSDR 256ГБ,PCI-E x2,1700,3640,0,https://www.citilink.ru/product/ssd-nakopitel-patriot-scorch-ps256gpm280ssdr-256gb-m-2-2280-pci-e-x2-n-1067344/
175,SAMSUNG 970 EVO Plus MZ-V7S1T0BW 1ТБ,PCI-E x4,3500,,0,https://www.citilink.ru/product/ssd-nakopitel-samsung-970-evo-plus-mz-v7s1t0bw-1tb-m-2-2280-pci-e-x4-n-1131121/
176,PATRIOT Viper VPN100 VPN100-512GM28H 512ГБ,PCI-E x4,3300,,0,https://www.citilink.ru/product/ssd-nakopitel-patriot-viper-vpn100-vpn100-512gm28h-512gb-m-2-2280-pci-1144994/
177,KINGSTON NV1 SNVS/500G 500ГБ,PCI-E x4,2100,,0,https://www.citilink.ru/product/nakopitel-ssd-kingston-pci-e-x4-500gb-snvs-500g-nv1-m-2-2280-1504847/
178,INTEL DC D3-S4610 SSDSC2KG076T801 7.7ТБ,SATA III,550,,0,https://www.citilink.ru/product/ssd-nakopitel-intel-dc-d3-s4610-ssdsc2kg076t801-7-7tb-2-5-sata-iii-ssd-1394039/
179,SAMSUNG 970 EVO Plus MZ-V7S500BW 500ГБ,PCI-E x4,3500,,0,https://www.citilink.ru/product/ssd-nakopitel-samsung-970-evo-plus-mz-v7s500bw-500gb-m-2-2280-pci-e-x4-1128418/
180,A-DATA XPG SX8200 Pro ASX8200PNP-1TT-C 1ТБ,PCI-E x4,3500,,0,https://www.citilink.ru/product/ssd-nakopitel-a-data-xpg-sx8200-pro-asx8200pnp-1tt-c-1tb-m-2-2280-pci-1106905/
181,SAMSUNG 970 EVO MZ-V7E1T0BW 1ТБ,PCI-E x4,3400,,0,https://www.citilink.ru/product/ssd-nakopitel-samsung-970-evo-mz-v7e1t0bw-1tb-m-2-2280-pci-e-x4-nvme-1070048/
182,Intel Original PCI-E x4 1600Gb SSDPE2KE016T801 DC P4610 2.5\" плохая упаковка,PCI-E x4,U.2,,0,https://www.citilink.ru/product/nakopitel-ssd-intel-original-pci-e-x4-1600gb-ssdpe2ke016t801-dc-p4610-1526515/
183,Samsung SATA III 1Tb MZ-77E1T0BW 870 EVO 2.5\" плохая упаковка,SATA III,560,,0,https://www.citilink.ru/product/nakopitel-ssd-samsung-sata-iii-1tb-mz-77e1t0bw-870-evo-2-5-plohaya-upa-1521173/
184,Intel PCI-E x4 400Gb SSDPE2MD400G401 DC P3700 2.5\" плохая упаковка,PCI-E x4,U.2,,0,https://www.citilink.ru/product/nakopitel-ssd-intel-pci-e-x4-400gb-ssdpe2md400g401-dc-p3700-2-5-plohay-1091518/
185,SAMSUNG 980 MZ-V8V1T0BW 1ТБ,PCI-E x4,3500,,0,https://www.citilink.ru/product/nakopitel-ssd-samsung-pci-e-x4-1tb-mz-v8v1t0bw-980-m-2-2280-1495578/
186,CRUCIAL P2 CT2000P2SSD8 2ТБ,PCI-E x4,2400,,0,https://www.citilink.ru/product/ssd-nakopitel-crucial-p2-ct2000p2ssd8-2tb-m-2-2280-pci-e-x4-1456831/
187,A-DATA Ultimate SU800 ASU800NS38-1TT-C 1ТБ,SATA III,560,,0,https://www.citilink.ru/product/nakopitel-ssd-a-data-m-2-1tb-asu800ns38-1tt-c-ultimate-su800-m-2-2280-1409068/
188,A-DATA XPG SX8100 ASX8100NP-1TT-C 1ТБ,PCI-E x4,3500,,0,https://www.citilink.ru/product/nakopitel-ssd-a-data-pci-e-x4-1tb-asx8100np-1tt-c-xpg-sx8100-m-2-2280-1408641/
189,A-DATA S11 Pro AGAMMIXS11P-2TT-C 2ТБ,PCI-E x4,3500,,0,https://www.citilink.ru/product/nakopitel-ssd-a-data-pci-e-x4-2tb-agammixs11p-2tt-c-s11-pro-m-2-2280-1390283/
190,A-DATA GAMMIX S5 AGAMMIXS5-1TT-C 1ТБ,PCI-E x4,2100,,0,https://www.citilink.ru/product/ssd-nakopitel-a-data-gammix-s5-agammixs5-1tt-c-1tb-m-2-2280-pci-e-x4-n-1121168/;